44.118,7.865,1.4
44.506,10.141,2
44.511,10.148,1.9
44.553,10.122,1.8
44.11,7.884,1.2
44.536,10.134,1.5
44.551,10.165,1.7
44.346,10.008,1.4
44.891,11.202,2.5
43.929,11.619,1.9
44.898,11.258,4.1
44.886,11.296,2.2
44.889,11.228,5.9
44.886,11.189,4.8
44.863,11.37,5.1
44.84,11.367,4.3
44.823,11.218,4.3
44.842,11.14,3.2
44.821,11.572,3.4
44.905,11.395,3.8
44.892,11.155,4.1
44.871,11.348,4
44.872,11.412,3.6
44.874,11.475,3.5
44.923,11.265,3.8
44.876,11.548,4
44.856,11.191,3.7
44.894,11.261,4
44.85,11.412,3.6
44.778,11.341,3.8
44.848,11.401,3.4
44.882,11.073,2.5
44.955,11.088,2.6
44.934,11.097,3.2
44.867,11.108,3
44.88,11.38,3.1
44.86,11.095,4.9
44.876,11.16,3.7
44.859,11.295,3.7
44.882,11.434,2.8
44.887,11.169,2.7
45.075,11.069,2.8
44.862,11.22,2.4
44.84,11.4,3.3
44.859,11.214,3.3
44.848,11.271,2.9
44.879,11.147,2.9
44.908,11.202,2.7
44.898,11.256,2.6
44.912,11.393,2.7
44.831,11.286,2.9
44.856,11.255,2.7
45.1,11.611,2.8
44.935,11.31,2.6
44.911,11.218,2.5
44.912,11.411,2.9
44.909,11.247,2.8
44.901,11.269,2.6
44.839,11.127,2.8
44.807,11.461,2.1
44.807,11.337,2.4
44.9,11.212,3
44.836,11.354,2.2
44.843,11.388,2.2
44.894,11.18,2.4
44.852,11.332,2.3
44.841,11.478,2.6
44.886,11.213,3.1
44.855,11.03,2
44.888,11.149,2.5
44.899,11.205,2.3
44.88,11.119,2.2
44.879,11.094,3.2
44.904,11.123,3.2
44.891,11.382,2.5
44.899,11.135,2.7
44.712,11.136,2.5
44.73,11.245,2.4
44.866,11.082,2.5
44.863,11.209,2.2
44.886,11.514,3.5
44.898,11.565,3.1
44.911,11.322,3
44.925,11.093,3.5
44.815,11.453,2.9
44.891,11.129,2.7
44.875,11.1,3.6
44.83,11.267,2.7
44.891,11.369,2.5
44.904,11.095,2.8
44.864,11.217,3.4
44.921,11.657,2.4
44.899,11.106,2.2
44.879,11.241,4.2
44.896,11.324,2.5
44.902,11.16,2.6
44.862,11.246,2.6
44.872,11.318,2.2
44.915,11.132,3.8
44.849,11.431,2.7
44.886,11.263,2.5
44.879,11.12,2
44.809,11.198,2.4
44.878,11.277,3.3
44.887,11.345,3.5
44.842,11.494,2.3
44.917,11.246,3
44.896,11.226,2.8
44.915,11.272,2.2
44.895,11.114,2.5
44.902,11.071,2.3
44.85,11.497,2.4
44.536,11.077,2.1
44.903,11.267,2.4
44.884,11.223,2
44.866,11.366,3.9
44.879,11.365,3.3
44.831,11.49,5.1
44.882,11.383,4.1
44.829,11.451,2.7
44.802,11.48,2.3
44.896,11.252,2.1
44.871,11.206,2.6
44.827,11.343,2.3
44.874,11.373,2.8
44.947,11.171,2.7
44.9,11.143,2.5
44.89,11.441,2.4
44.879,11.329,3.7
44.831,11.32,2.3
44.841,11.317,2.3
44.925,11.164,2.3
44.92,11.293,2.7
44.889,11.383,2.1
44.871,11.446,2.8
44.859,11.358,2.2
44.896,11.349,2.4
44.9,11.296,2.6
44.903,11.266,2.5
44.896,11.263,3
44.919,11.268,2.4
44.923,11.079,3.1
44.913,11.193,2.9
44.746,11.43,2.5
44.876,11.382,4.5
44.95,11.251,3.5
44.872,11.367,2.3
44.878,11.298,3.1
44.918,11.195,2.9
44.899,11.226,3.3
44.914,11.363,2.4
44.901,11.381,2.3
44.899,11.13,3.1
44.863,11.417,2.2
44.882,11.179,2.7
44.883,11.269,2.5
44.879,11.175,2.7
44.817,11.518,2.7
44.83,11.165,2.3
44.928,11.455,2.5
44.906,11.537,2.2
44.887,11.43,2.4
44.852,11.323,2
44.915,11.182,2.7
44.813,11.349,2.4
44.886,11.165,2.8
44.825,11.425,2.4
44.873,11.387,2.6
44.888,11.35,2.3
44.836,11.479,3.6
45.717,7.819,2.6
44.938,11.639,2.2
45.704,10.919,1.8
44.868,11.355,3.7
44.908,11.163,2.3
44.913,11.134,2.7
44.876,11.284,2.6
45.038,10.87,2.2
44.902,11.4,2.7
44.879,11.12,3.5
44.881,11.186,2.3
44.862,11.126,2.1
44.822,11.421,2.3
44.828,11.24,2.5
44.879,11.207,3.1
44.884,11.088,2.4
44.891,11.417,2.3
44.893,11.184,2.2
44.85,11.217,2.4
44.927,11.385,2.4
44.842,11.343,2.8
44.791,11.347,2.7
44.931,11.177,2.5
44.907,11.285,2.4
44.868,11.235,2.4
44.911,11.235,3.2
44.925,11.179,3
44.894,11.231,2.3
44.929,11.147,2.1
44.898,11.035,2.2
44.579,11.263,2.1
44.873,11.308,2.2
44.892,11.13,2.3
44.876,11.265,2.8
44.888,11.415,2.4
44.86,11.25,2.6
44.961,11.123,3.3
45.159,11.101,2.3
44.888,11.194,2.5
44.905,11.231,2.9
44.947,11.273,2.6
44.874,11.286,2.8
44.88,11.378,2.8
44.861,11.275,2.4
44.839,11.256,3.5
44.851,11.348,4.1
44.809,11.465,2.8
44.904,11.433,2.5
44.859,11.095,3.1
44.902,11.144,3.4
44.847,11.259,3.6
44.861,11.417,3.1
44.867,11.251,3.5
44.887,11.03,2.6
44.898,11.078,2.5
44.839,11.364,2.2
44.903,11.12,2.3
44.885,11.313,2.8
44.876,11.351,2.2
44.952,11.097,2.5
44.913,11.149,2.5
44.853,11.274,2.6
44.895,11.17,2.7
44.777,11.245,2.4
44.887,11.323,2.3
44.689,11.165,2.6
44.844,11.254,2.5
44.85,11.161,2.3
44.78,11.093,2.2
44.631,11.278,2.5
44.789,11.467,2.4
44.785,11.128,2.4
44.924,11.346,2.3
44.68,10.878,2.4
44.858,11.259,2.3
44.856,11.27,2.1
44.833,11.473,2.2
44.879,11.255,3.2
44.898,11.246,2.9
44.849,11.281,2.3
44.842,11.448,2.3
44.887,11.305,2.3
44.883,11.124,2.8
44.927,11.118,2.1
44.816,11.307,2.4
44.777,11.478,2.3
44.859,11.391,2
44.85,11.395,2.7
44.886,11.131,2.3
44.865,11.292,2.3
44.94,11.111,2.9
44.906,11.083,2.5
44.85,11.074,3.7
44.913,11.109,2.6
44.798,11.069,2.6
44.903,11.092,2.9
44.898,11.167,2.8
44.906,11.098,2.7
44.898,11.199,2.9
44.895,11.152,2.4
45.69,7.594,0.9
44.891,11.084,2.7
44.74,11.232,2.5
44.85,11.265,3.8
44.884,11.194,3
44.854,11.326,2
44.902,11.075,2.9
44.902,11.193,3.3
44.812,11.42,2.5
44.92,11.059,2.4
44.897,11.229,2.2
44.907,11.24,2.3
44.851,11.101,2.3
44.823,11.051,2.4
44.858,11.188,2.3
44.19,10.189,1.8
44.875,11.332,2.3
44.911,11.117,2.5
44.879,11.38,2.4
44.89,11.095,2.4
44.882,11.077,2.3
44.835,11.258,2.2
44.867,11.298,2.4
44.928,11.257,2.1
44.819,11.413,2.1
44.856,11.306,2.2
44.959,11.692,2.3
44.844,11.296,2.3
44.793,11.461,2.2
44.85,11.066,2.2
44.931,11.252,2.3
44.751,11.491,2.3
44.872,11.354,2.4
44.852,11.364,1.9
44.897,11.065,2
44.899,11.13,2.2
44.87,11.191,2.2
44.888,11.215,2.4
44.862,11.097,2.1
44.87,11.13,2.3
44.82,11.365,2.4
44.883,11.178,2.6
44.487,6.732,1.4
44.821,11.364,2.3
44.894,11.327,2.2
44.847,11.188,2.4
44.898,11.236,2.9
44.895,11.321,2.9
44.863,11.283,2.3
44.866,11.184,3.7
44.822,11.433,2.3
44.894,11.216,2.7
44.819,11.431,3.2
44.903,11.14,2.5
44.822,11.19,2.5
44.804,11.157,2.8
44.874,11.413,2.5
44.79,11.455,2.7
44.872,11.084,3
44.66,11.268,2.5
44.869,11.118,2.4
44.874,11.121,2.7
44.857,11.374,2.6
44.884,11.081,3.1
44.894,11.115,2.2
44.876,11.363,2.3
44.912,11.441,2.3
44.916,10.934,2.2
44.793,11.453,2.1
44.847,11.13,2.1
44.822,11.444,1.5
44.896,11.336,2.3
44.703,11.197,2.3
44.899,11.094,2
44.894,11.089,2.4
44.958,11.386,2.2
44.859,11.31,2.5
44.893,11.285,2.2
44.868,11.251,4.3
44.865,11.347,2.3
44.793,11.55,1.8
44.727,11.372,2.4
44.811,11.427,2
44.888,11.273,2.6
44.861,11.252,2.7
44.832,11.061,2.1
44.834,11.128,2.3
44.833,11.15,2.6
44.899,11.131,3
44.837,11.265,2.6
44.852,11.34,2.1
44.847,11.104,2.5
44.87,11.156,2.9
44.903,11.362,1.8
44.501,6.735,1.5
44.866,11.356,1.1
44.867,11.284,2.4
44.863,11.22,2
44.867,11.228,1.9
44.867,11.136,2
44.801,11.005,2.1
44.892,11.336,2.2
44.062,11.034,1.2
44.889,11.226,2.4
44.895,11.165,2.8
44.857,11.35,2.2
44.909,11.319,2.7
44.879,11.133,2.2
44.912,11.312,3
44.868,11.295,2.5
44.853,11.396,2.3
44.844,11.181,2.3
44.708,11.376,2.3
44.824,11.123,2.1
44.87,11.197,3.4
44.718,7.272,1
44.89,11.336,2.3
44.807,11.126,2.7
44.881,11.139,2.6
44.823,11.372,1.9
44.831,11.384,2.3
44.933,11.09,2.9
44.863,11.284,2.4
44.481,6.728,1.3
44.868,11.293,3.3
44.875,11.248,2.6
44.896,11.12,2.4
45.104,11.347,1.4
44.817,11.29,2.5
44.913,11.008,1.5
44.752,11.132,2.3
44.555,7.157,1.4
44.95,11.034,2.2
44.583,11.042,1.5
44.772,11.444,2.2
44.941,11.061,2.5
44.896,11.177,2.2
44.9,11.093,2.6
44.844,11.134,2.2
44.932,11.046,1.5
44.856,11.11,1.6
44.899,11.012,2.8
44.871,11.298,2.3
44.477,6.78,1.1
44.875,11.257,2.1
45.523,10.586,1.8
44.853,11.13,2.1
44.886,11.087,2.4
44.914,10.99,1.5
44.875,11.135,2
44.9,11.17,2
44.899,11.095,2.7
44.933,11.061,1.7
44.78,11.215,2.5
44.808,11.397,1.9
44.936,11.12,1.6
44.861,11.236,1.8
44.924,11.303,1.8
44.879,11.166,1.9
44.98,11.22,1.9
44.903,11.064,2.5
44.868,11.342,2.9
44.871,11.335,2
44.863,11.284,1.8
44.818,11.404,2.4
44.866,11.276,1.6
44.845,11.136,1.6
44.863,11.381,2.1
44.899,11.165,1.6
44.819,11.498,2.3
44.819,11.433,1.8
44.793,11.232,1.9
44.886,11.122,1.5
44.842,11.324,1.9
44.892,11.277,2
44.898,11.146,1.8
44.913,11.275,1.7
44.862,11.122,1.6
44.981,11.196,1.7
44.838,11.467,1.9
44.836,11.381,1.9
44.926,11.171,1.9
44.784,11.376,1.7
44.816,11.4,1.7
44.876,11.142,2.4
44.953,11.246,2
44.731,11.372,1.5
44.841,11.372,1.5
44.957,11.305,1.9
44.828,11.305,2
45,6.644,1.3
44.839,11.244,2.4
44.848,11.295,2.8
44.839,11.268,2.3
44.934,11.131,1.8
44.863,11.279,2.3
44.904,11.042,1.6
44.9,11.439,1.8
44.83,11.241,2.4
44.893,11.307,3.2
44.955,11.238,1.6
44.84,11.245,2.4
44.507,6.76,0.9
44.856,11.298,1.3
44.869,11.222,1.4
44.837,11.259,1.4
44.916,11.222,1.3
44.873,11.232,2.9
44.627,7.246,0.8
44.847,11.401,2.5
44.842,11.311,1.7
45.227,6.648,1.1
44.862,11.245,2
44.827,11.308,2.7
44.861,11.258,3.9
44.858,11.22,2
44.827,11.271,2
44.849,11.254,2.9
44.887,11.084,2.6
44.872,11.076,3.2
45.255,6.647,2.5
44.816,11.284,2.5
44.883,11.108,4
44.897,11.218,1.7
44.825,11.147,1.8
44.854,11.048,2.1
44.884,11.061,1.9
44.902,11.318,2
44.902,11.104,3.4
44.844,11.381,2.3
44.623,11.245,2.4
44.872,11.365,2.4
44.936,11.016,1.5
44.909,11.073,2.3
44.595,7.27,1.7
44.918,11.008,2.1
44.942,11.162,1.6
44.905,11.204,1.8
44.925,11.193,2.1
44.95,11.1,1.7
44.921,11.009,1.6
44.932,11.007,1.6
44.948,11.029,1.7
44.946,11.007,1.8
44.945,11.03,1.8
44.872,11.327,1.6
44.899,11.071,2.4
44.973,11.187,1.7
44.876,11.087,2.5
44.798,11.326,1.6
44.952,11.263,1.5
44.95,11.001,1.8
44.921,10.988,1.6
44.952,11.025,1.4
44.851,11.394,2.1
44.922,10.977,1.9
44.934,11.189,1.9
44.879,11.201,1.8
44.814,11.198,1.9
44.939,10.999,1.6
44.941,11.001,1.7
44.926,11.052,1.8
44.804,11.196,1.6
44.932,11.027,1.6
44.861,11.228,1.6
44.847,11.244,1.8
44.951,11.113,1.7
44.803,11.343,1.3
44.911,11.168,2.2
44.962,11.088,1.4
44.868,11.411,1.8
44.964,11.078,1.6
44.952,11.208,1.7
44.948,11.074,1.9
44.857,11.293,2.1
44.866,11.119,1.8
44.861,11.032,2.4
44.767,11.28,1.4
44.836,11.251,2.2
44.836,11.414,2
44.798,11.366,2.3
44.883,11.12,2.1
44.908,11.033,2
44.943,11.014,1.5
44.965,11.056,1.6
44.95,11.021,1.6
44.921,11.12,1.8
44.964,11.058,1.5
44.871,11.088,1.8
44.89,11.112,1.6
44.891,11.169,2.1
44.911,11.102,2.1
44.951,11.199,1.9
44.853,11.111,1.8
44.853,11.242,1.8
44.85,11.177,2.4
44.82,11.231,2.5
44.888,11.121,2.3
44.83,11.229,1.9
44.894,11.086,2.2
44.841,11.157,1.9
44.864,11.098,1.7
44.888,11.152,2.3
44.829,11.456,1.5
44.858,11.138,2
44.844,11.414,1.6
44.948,11.177,1.4
44.972,11.336,1.5
44.881,11.262,2.1
44.883,11.148,1.9
44.857,11.072,1.3
44.845,11.115,1.9
44.734,11.483,1
44.839,11.38,2.7
44.962,11.094,1.2
44.875,11.055,1.5
44.871,11.305,1.8
44.979,11.344,1.6
44.938,11.065,1.6
44.868,11.248,3.4
44.932,11.202,1.1
44.83,11.237,1.2
44.82,11.116,1.9
44.822,11.263,2.9
44.919,11.234,1.6
44.86,11.249,1.2
44.818,11.307,1.9
44.895,11.231,1.5
44.86,11.234,2.4
44.812,11.399,2.5
44.849,11.264,1.8
44.817,11.233,1.6
44.961,11.054,1.7
44.952,11.196,1.7
44.824,11.247,2.9
44.769,11.319,2
44.896,11.234,2.2
44.882,11.277,2.3
44.849,11.157,1.3
44.877,11.246,2.3
44.968,10.982,1.7
44.946,11.076,1.6
44.952,11.099,1.3
44.914,11.284,1.8
44.547,11.216,1.8
44.571,11.269,1.7
44.835,11.423,1.5
44.837,11.444,1.8
44.905,11.064,2.4
44.878,11.165,2
44.86,11.623,1.8
44.512,11.653,1.5
44.861,11.263,1.5
44.796,11.324,1.9
44.973,11.129,1.5
44.876,11.244,2.8
44.956,11.043,1.8
44.492,6.713,1.2
44.849,11.239,1.9
44.827,11.198,2.2
44.835,11.231,3.2
44.825,11.361,1.5
44.891,11.21,1.6
44.847,11.235,2
44.828,11.224,1.9
44.942,11.101,1.5
44.52,6.748,2.4
44.948,11.046,1.7
44.945,11.189,1.6
44.861,11.243,2
44.879,11.278,2.4
44.881,11.438,1.8
44.859,11.232,2.1
44.955,11.061,1.8
44.862,11.245,2.3
44.942,11.01,2
44.827,11.395,2.1
44.833,11.376,1.4
43.145,10.792,2
44.833,11.485,1.9
44.593,11.308,1.4
44.947,11.101,1.6
44.83,11.207,1.8
44.909,11.209,2.1
44.985,11.234,2.2
44.826,11.341,1.5
44.838,11.166,3.8
44.818,11.452,2
44.855,11.217,2.1
44.791,11.142,2
44.882,11.365,2.1
44.792,11.073,2.3
44.822,11.226,2
44.868,11.398,2.1
44.825,11.438,2
44.867,11.314,2.3
44.908,11.329,1.8
44.916,11.072,2.7
44.845,11.177,1.8
44.904,11.193,2.3
44.87,11.061,2.3
44.842,11.333,2.4
44.822,11.277,2.2
44.907,11.141,2.8
44.891,11.137,2.2
44.836,11.278,2.3
44.865,11.353,3.2
44.902,11.065,2
44.844,11.441,2.2
44.96,11.392,2.1
44.853,11.372,2.2
44.486,6.684,1.4
44.707,11.211,1.9
44.897,11.073,2.6
44.877,11.112,1.8
44.791,11.466,1.8
44.952,11.085,1.8
44.895,11.064,2.7
44.831,11.203,2.2
44.886,11.078,2.1
44.762,11.261,2.8
44.92,11.09,2.2
44.869,11.068,2
44.833,11.375,3.1
44.953,11.076,1.8
44.886,11.416,1.8
44.793,11.447,2
44.703,11.155,2.2
44.929,11.196,1.5
44.686,11.444,1.6
44.867,11.17,1.7
44.803,11.302,1.9
44.941,11.012,1.7
44.832,11.025,2
44.487,6.693,1.1
44.804,11.426,1.7
44.562,7.019,1
44.875,11.074,1.9
44.82,11.365,1.5
44.827,11.423,2.3
44.929,11.25,2.6
44.948,11.042,1.6
44.979,11.227,1.9
44.937,11.193,1.4
44.796,11.255,2.3
44.986,11.271,1.8
44.853,11.325,1.3
44.947,11.201,1.3
44.952,11.193,1.4
44.953,10.953,1.6
44.851,11.253,1.5
44.911,11.091,1.8
44.684,6.765,1.6
44.948,11.186,1.2
44.839,11.081,2.9
44.875,11.266,2.4
44.882,11.158,4
44.899,11.256,2.2
44.972,11.117,2.1
44.973,11.111,1.6
44.744,11.395,2.4
44.965,11.117,1.7
44.971,11.113,1.8
44.81,11.392,1.6
44.892,11.15,3.8
44.904,11.15,2.4
44.893,11.143,1.6
44.857,11.199,2.1
44.807,11.431,2.1
44.813,11.371,2.2
44.756,11.371,2.2
44.883,11.562,2
44.92,11.145,1.8
44.842,11.325,2.1
44.901,11.106,2.9
44.83,11.382,2
44.8,11.397,1.7
44.917,11.123,1.8
44.875,11.166,2.1
44.871,11.189,2.4
44.892,11.174,1.8
44.871,11.095,2.1
44.854,11.223,2.2
44.894,11.136,2.6
44.843,11.124,1.7
44.829,11.349,1.9
44.884,11.063,1.8
44.723,11.312,2.3
44.986,11.236,1.5
44.78,11.046,2.2
44.915,11.158,2.3
44.769,11.409,2.3
44.918,11.082,2.4
44.906,11.21,2.7
44.892,11.284,2.4
44.919,11.214,2.5
44.882,11.253,2.2
44.539,6.763,1.1
45.246,7.178,0.7
44.936,10.985,2.4
44.966,11.054,2.2
44.897,11.342,2.1
44.887,11.363,2.5
44.829,11.432,2.7
44.874,11.097,2.3
44.84,11.08,2.4
44.893,11.2,2.3
44.891,11.161,2.4
44.89,11.18,2.8
44.929,11.216,1.9
44.85,11.325,2.1
44.875,11.118,2.2
44.517,7.686,0.7
44.907,11.146,2.1
44.983,11.016,1.7
44.868,11.144,2
44.905,11.141,2.9
44.839,11.126,2.2
44.847,11.231,1.6
44.864,11.228,1.9
44.839,11.256,3.2
44.839,11.121,2.2
44.926,11.205,1.3
44.878,11.28,2.7
44.854,11.218,2.1
44.845,11.313,1.9
44.863,11.111,2.4
44.867,11.15,2
44.833,11.253,1.9
44.878,11.628,2
44.967,11.202,1.9
44.837,11.302,1.8
44.875,11.246,1.8
44.83,11.244,2.8
44.858,11.288,2.2
44.872,11.376,2.2
44.856,11.464,2
44.909,11.462,2.1
44.851,11.086,5.8
44.854,10.992,4
44.926,11.036,4.1
44.927,11.11,3.6
44.915,11.085,3.6
44.874,10.934,3.6
44.885,11.062,3.6
44.916,11.11,3.2
44.855,11.122,3.2
44.84,11.071,3.1
44.965,10.945,3.2
44.944,11.008,3
44.89,11.094,3.1
44.916,11.048,2.9
44.906,11.043,3
44.911,10.934,2.9
44.888,11.12,3.7
44.913,11.117,2.9
44.893,11.056,3.3
44.875,11.076,3
44.949,11.129,3
44.88,11.131,3.9
44.879,11.079,3.8
44.901,10.943,4.5
44.854,11.106,4.7
44.86,11.186,3
44.857,11.055,3.7
44.892,10.978,3.6
44.892,10.962,4.2
44.904,10.963,3.4
44.804,11.258,2.8
44.922,11.046,2.6
44.761,11.394,2.6
44.908,10.925,3.2
44.917,11.035,3.5
44.928,10.973,3.1
44.859,11.023,3.5
44.927,11.038,2.8
44.891,11.03,2.5
44.82,11.016,3.3
44.892,11.053,4.2
44.838,11.132,2.1
44.864,10.928,3.1
44.902,11.113,3.2
44.894,11.109,2.8
44.911,11.101,2.5
44.889,10.977,3.3
44.87,11.085,2.6
44.877,11.109,3.6
44.854,11.081,2.4
44.888,11.008,5.3
44.873,10.95,4.9
44.879,10.947,5.2
44.876,11.076,4
44.692,11.32,3.8
44.912,11.06,3
44.873,11.058,2.9
44.795,11.189,2.7
44.902,11.013,2.7
44.893,10.977,2.6
44.917,10.998,3.1
44.919,11.096,2.5
44.934,10.999,2.7
44.884,10.994,2.7
44.868,10.967,2.2
44.926,11.064,2.4
44.92,11.057,2.7
44.895,11.322,2.5
44.891,11.039,2.8
44.865,11.064,2.9
44.918,10.903,2.3
44.898,10.956,3
44.42,11.299,2.8
44.898,10.925,2.4
44.903,10.954,2.5
44.343,11.781,2.6
44.535,11.073,2.8
44.822,11.197,2.2
44.905,10.958,2.4
44.866,11.224,2.2
44.869,11.051,2.1
45.029,11.129,2.6
44.799,11.021,3.1
44.96,10.886,3
44.943,10.902,2.9
44.863,11.063,3.1
44.906,10.947,2.7
44.844,11.175,3.1
44.689,10.959,2.5
44.838,11.192,3.1
44.903,11.049,3.7
44.977,10.778,2.7
44.882,11.068,3.9
44.853,11.139,2.9
44.877,11.08,2.2
44.914,11.034,2.4
44.877,11.12,3
44.904,10.973,3
44.893,10.985,3.2
44.87,10.958,2.8
44.892,11.129,3.1
44.903,10.959,2.8
44.808,10.889,2.7
44.916,11.1,2.2
44.869,11.096,3
44.722,11.226,2.4
44.871,10.896,2.5
44.878,11.098,2.5
44.865,10.908,2.9
44.718,11.1,2.6
44.939,11.018,2.6
44.915,10.884,3
44.58,10.92,2.6
44.944,11.071,2.7
44.852,11.126,2.6
44.797,11.223,2.2
44.936,11.085,2.6
44.822,11.081,2.3
44.867,11.273,2.3
44.831,10.931,2.4
44.961,11.108,2.3
44.902,11.088,2.7
44.864,11.222,2.4
44.921,10.947,3.9
44.864,11.231,2.8
44.886,10.956,3
44.855,11.097,2.5
44.717,11.382,2.3
45.001,11.113,3.2
44.798,10.914,2.4
44.877,10.935,2.9
44.957,10.909,2.1
44.912,10.889,2.2
44.889,11.02,2.6
44.897,10.865,1.9
44.878,10.876,2.5
44.922,10.973,1.9
44.892,10.971,2.4
44.881,10.949,2.5
44.868,11.133,2.1
44.943,10.949,2.4
44.831,11.041,2.8
44.917,10.924,2.1
44.864,11.109,2.4
44.901,11.06,2.6
44.9,10.924,3
44.864,11.065,3.1
44.878,11.047,2.1
45.011,10.894,2.8
44.789,11.438,2.4
44.887,10.962,2.4
44.906,10.871,2.6
44.908,11.055,2.3
44.911,10.96,2.2
44.866,11.045,2.2
44.843,11.151,2
44.886,10.99,2.3
44.873,11.043,2.7
44.875,10.957,2.2
44.871,10.949,2
44.886,10.913,2.2
44.917,11.033,2.1
44.897,10.98,2.2
44.927,10.905,2.5
44.884,10.946,2.4
44.907,10.906,2.4
44.788,11.405,2.1
44.843,11.141,2.4
44.899,11.047,2
44.873,10.91,2.2
44.885,11.13,2
44.869,11.079,2.2
44.94,10.919,2.3
44.808,11.245,2.1
44.908,10.904,2.2
44.88,11.048,2.1
44.924,10.963,2.1
44.91,10.973,2.9
44.965,11.048,2.6
44.869,10.972,2.1
44.881,10.934,2.1
44.886,11.151,2.4
44.834,11.171,2.1
44.884,11.092,2.7
44.87,11.095,3.4
44.543,6.801,1.8
44.89,10.904,2.5
44.841,11.14,2.6
44.903,10.956,3
44.899,10.978,2.3
44.897,10.914,2.3
44.884,11.001,2.3
44.888,10.956,2.9
44.97,11.061,3.3
44.887,10.994,2.5
44.901,10.88,2.6
44.907,11.039,3.1
44.902,10.931,2.6
44.922,11.068,2.5
44.922,11.069,2.4
44.738,11.192,2.4
44.919,10.966,2.6
44.877,10.971,2
44.917,11.051,2.8
44.921,11.146,2.3
44.871,10.993,2.8
44.957,10.932,2.8
44.907,10.906,2.5
44.901,10.895,2.7
44.914,10.943,3.3
44.881,10.949,2.6
44.83,10.982,2.1
44.788,11.055,2.6
44.888,11.04,2.9
44.904,11.106,2.7
44.502,6.8,2.2
44.931,10.937,3.8
44.83,11.267,2.5
44.889,10.949,2.7
44.932,11.226,2.2
44.75,11.035,2.7
44.899,11.094,3
44.909,11.055,2.8
44.809,11.487,2.4
44.856,11.164,2.9
44.869,10.911,2.7
44.727,11.377,1.8
44.528,6.729,1.4
44.872,10.928,1.8
44.89,10.95,2.5
44.859,11.238,3.2
44.795,10.875,2.3
44.799,11.085,1.9
44.936,10.972,2.8
44.907,10.982,1.8
44.865,11.255,2.4
44.847,11.248,1.7
43.968,10.525,1.3
44.823,11.272,2.6
44.849,11.254,2.4
44.83,10.928,2.2
44.87,10.929,2.5
45.017,10.873,1.6
44.846,11.179,2.5
44.926,10.962,2
44.831,11.5,1.4
44.913,11.125,1.6
44.888,10.943,2.2
44.887,11.068,3.2
44.935,11.023,2.7
44.851,10.958,2.9
44.886,11.117,2.5
44.898,11.273,2.4
44.9,10.963,2.7
44.901,11.1,3
44.908,11.032,2.3
44.855,11.155,2.3
44.933,10.881,2.5
44.924,11.003,2.2
44.853,11.228,2.4
44.904,10.989,2.6
44.808,11.473,2.4
44.863,11.252,2.6
44.883,11.407,2.7
44.915,6.683,2
44.887,10.873,1.6
44.966,10.947,2.2
44.883,10.919,2.8
44.858,11.026,2.5
44.96,11.053,2.3
45.871,8.158,1.3
44.918,11.044,2.2
44.878,11.12,2.8
44.889,11.064,2.5
44.883,10.887,2.1
44.826,11.533,2
44.822,11.305,1.9
44.914,11.024,2.1
44.897,10.885,2.1
44.517,6.829,1.3
44.875,10.95,2.1
44.884,11.048,2.3
44.797,11.187,2
44.717,11.162,2.6
44.865,11.144,2.2
44.888,10.959,1.9
44.907,11.002,2.1
44.881,11.235,2.6
45.067,10.953,2.2
44.883,11.05,2
44.832,11.162,2.4
44.756,11.019,2.1
44.842,11.044,1.9
44.827,11.047,1.9
44.718,10.997,2.4
45.036,10.846,2
44.69,10.887,2.2
44.711,10.949,2.2
44.862,11.022,2.2
44.862,11.096,2.2
44.744,11.007,2.3
44.694,11.167,2
44.861,11.122,2.2
44.858,10.982,2
44.916,10.907,2.4
44.841,11.149,2.3
44.889,11.098,2.4
44.855,11.101,2.5
44.852,11.052,2.4
44.948,11.033,1.2
44.772,11.092,2.1
44.817,11.33,1.9
44.874,11.016,1.8
44.966,11.008,1.7
44.656,10.909,1.8
44.693,11.19,2.2
44.865,10.89,1.9
44.508,6.75,1.5
44.903,11.135,2.3
45.051,11.009,1.5
44.736,11.18,2.5
45.052,11.107,2.7
44.907,11.082,2.4
44.885,10.952,1.9
44.894,11.007,2.2
44.892,11.152,2.2
44.891,10.954,1.8
44.958,11.023,1.3
44.896,11.28,1.9
45.075,11.092,2.5
44.868,11.241,2.9
44.872,11.262,3.6
44.901,11.266,2.3
44.798,11.057,2.4
44.93,11.025,2.4
44.827,11.332,2.5
44.881,11.376,2
44.906,10.884,2.6
44.917,11.075,2.5
44.898,11.346,2.3
44.955,11.063,2.4
44.932,11.063,2.3
44.895,11.085,3
44.935,10.93,2.4
44.901,11.04,2.3
44.861,10.963,2.3
44.914,10.889,2.5
44.412,7.134,1.3
44.945,11.108,2.5
44.925,11.074,2.6
44.895,11.049,2.3
44.836,11.252,2.3
44.786,11.204,2.3
44.888,10.974,3.2
44.817,11.466,3.2
44.839,11.194,2.1
44.921,11.031,2.5
44.874,10.9,2.7
44.82,11.365,2.6
44.855,11.115,2.3
44.883,10.941,2.6
44.911,10.912,2.4
44.779,11.279,2.5
44.872,11.421,2.5
44.88,10.867,4
44.885,10.912,3.3
44.849,11.348,2.5
44.916,10.999,2.3
44.815,11.358,2.2
44.858,11.12,1.9
44.914,11.076,2.7
44.841,10.93,2.4
44.845,11.105,2.5
44.924,11.134,2.5
44.893,11.208,2.1
44.828,11.028,2.5
44.905,11.128,2.9
44.876,10.979,2.3
44.856,10.964,1.9
44.436,7.278,1.6
44.889,11.142,2.2
44.899,10.988,3.6
44.812,10.52,2.9
44.891,10.98,4.2
44.863,10.918,2.8
44.794,11.173,2.7
44.904,11.047,2.4
44.818,11.358,3.1
44.789,11.478,2.5
44.846,11.05,2.3
44.813,11.478,2.3
44.719,11.135,2.4
44.916,11.596,2.2
44.898,11.096,2.5
44.895,10.934,2.1
44.904,10.954,2.2
44.887,10.989,2.2
44.854,10.975,1.9
44.853,11.264,1.6
44.891,10.924,1.9
44.883,10.952,2
44.89,10.969,1.5
44.851,10.961,1.8
44.808,11.387,2.2
44.864,11.122,2.9
44.898,11.035,2.1
44.945,10.842,1.9
44.817,11.106,2.2
44.922,10.913,2.8
44.866,11.044,2.2
44.816,11.139,2.3
44.903,11.049,1.6
44.864,11.11,2.2
44.91,11.121,1.9
44.845,11.338,1.8
44.855,10.917,2
44.845,11.283,1.9
44.851,10.909,2.1
44.852,10.922,1.9
44.854,11.155,2.2
44.881,10.905,1.9
44.711,11.16,2
44.811,10.987,1.9
44.746,11.157,2
44.888,11,1.8
44.939,11.087,2.7
44.909,11.026,2.3
44.904,11.013,2.1
44.752,11.276,1.5
44.912,11.086,2.6
44.842,11.127,1.9
44.895,11.137,2.2
44.856,11.096,1.6
44.691,11.169,2.3
44.856,11.45,2
44.87,11.188,1.6
44.734,11.102,2.3
44.818,11.107,1.9
44.857,11.252,1.6
44.844,10.963,1.7
44.895,10.912,1.6
44.851,11.151,1.7
44.873,11.094,2.3
45.111,10.864,2
44.917,11.004,2.3
44.864,11.076,2.1
44.896,11.123,1.7
44.944,11.059,2.4
44.922,10.95,2.2
44.943,10.958,2.8
44.804,11.169,2.1
44.901,10.988,2.1
44.898,11.025,2.3
44.839,11.038,2.4
44.809,11.615,1.8
44.289,7.418,1.3
44.934,10.957,2.8
44.891,10.963,2.7
44.286,7.991,0.8
44.881,10.978,3.3
44.856,11.116,2.4
44.727,11.161,2.3
44.973,10.964,3.1
44.932,11.053,2.3
44.923,11.041,2.5
44.966,11.054,2.3
45.016,10.954,2
44.877,10.986,3.6
44.792,11.108,2.7
44.766,11.089,2.3
44.884,10.889,2.6
44.76,11.279,2.7
44.862,11.057,2.1
44.88,11.411,2.1
44.707,11.247,2.5
44.923,11.074,2.1
44.903,11.348,2.3
44.807,10.925,2.5
44.995,11.117,2.7
44.81,11.156,2.1
